{"cameraMode":{"drawMode":0,"name":"Shaded","section":"Shading Mode"},"sceneLighting":true,"audioPlay":false,"sceneViewState":{"m_AlwaysRefresh":true,"showFog":true,"showSkybox":true,"showFlares":true,"showImageEffects":true,"showParticleSystems":true,"showVisualEffectGraphs":true,"m_FxEnabled":true},"in2DMode":false,"pivot":{"x":-1.0218573808670045,"y":1.8170446157455445,"z":-11.489115715026856},"rotation":{"x":-0.19232071936130525,"y":-0.13145117461681367,"z":0.026004521176218988,"w":-0.9721426367759705},"size":1.0174263715744019,"orthographic":false}